<?xml version="1.0" encoding="UTF-8"?>
<GenRun Id="impl_1" LaunchPart="xc7z020clg484-1" LaunchTime="1614753326">
  <File Type="ROUTE-PWR" Name="UAV_Control_wrapper_power_routed.rpt"/>
  <File Type="PA-TCL" Name="UAV_Control_wrapper.tcl"/>
  <File Type="ROUTE-PWR-SUM" Name="UAV_Control_wrapper_power_summary_routed.pb"/>
  <File Type="REPORTS-TCL" Name="UAV_Control_wrapper_reports.tcl"/>
  <File Type="BITSTR-MSK" Name="UAV_Control_wrapper.msk"/>
  <File Type="ROUTE-CLK" Name="UAV_Control_wrapper_clock_utilization_routed.rpt"/>
  <File Type="RDI-RDI" Name="UAV_Control_wrapper.vdi"/>
  <File Type="BG-BIT" Name="UAV_Control_wrapper.bit"/>
  <File Type="BG-DRC" Name="UAV_Control_wrapper.drc"/>
  <File Type="BG-BGN" Name="UAV_Control_wrapper.bgn"/>
  <File Type="BG-BIN" Name="UAV_Control_wrapper.bin"/>
  <File Type="BITSTR-RBT" Name="UAV_Control_wrapper.rbt"/>
  <File Type="BITSTR-NKY" Name="UAV_Control_wrapper.nky"/>
  <File Type="BITSTR-BMM" Name="UAV_Control_wrapper_bd.bmm"/>
  <File Type="ROUTE-METHODOLOGY-DRC" Name="UAV_Control_wrapper_methodology_drc_routed.rpt"/>
  <File Type="BITSTR-MMI" Name="UAV_Control_wrapper.mmi"/>
  <File Type="ROUTE-METHODOLOGY-DRC-PB" Name="UAV_Control_wrapper_methodology_drc_routed.pb"/>
  <File Type="BITSTR-SYSDEF" Name="UAV_Control_wrapper.sysdef"/>
  <File Type="ROUTE-DRC-RPX" Name="UAV_Control_wrapper_drc_routed.rpx"/>
  <File Type="BITSTR-LTX" Name="debug_nets.ltx"/>
  <File Type="BITSTR-LTX" Name="UAV_Control_wrapper.ltx"/>
  <File Type="RCFI_FILE" Name="UAV_Control_wrapper.rcfi"/>
  <File Type="WBT-USG" Name="usage_statistics_webtalk.html"/>
  <File Type="OPT-DRC" Name="UAV_Control_wrapper_drc_opted.rpt"/>
  <File Type="OPT-HWDEF" Name="UAV_Control_wrapper.hwdef"/>
  <File Type="PLACE-IO" Name="UAV_Control_wrapper_io_placed.rpt"/>
  <File Type="PLACE-UTIL" Name="UAV_Control_wrapper_utilization_placed.rpt"/>
  <File Type="PLACE-UTIL-PB" Name="UAV_Control_wrapper_utilization_placed.pb"/>
  <File Type="PLACE-CTRL" Name="UAV_Control_wrapper_control_sets_placed.rpt"/>
  <File Type="PLACE-PRE-SIMILARITY" Name="UAV_Control_wrapper_incremental_reuse_pre_placed.rpt"/>
  <File Type="ROUTE-DRC" Name="UAV_Control_wrapper_drc_routed.rpt"/>
  <File Type="ROUTE-DRC-PB" Name="UAV_Control_wrapper_drc_routed.pb"/>
  <File Type="ROUTE-PWR-RPX" Name="UAV_Control_wrapper_power_routed.rpx"/>
  <File Type="ROUTE-STATUS" Name="UAV_Control_wrapper_route_status.rpt"/>
  <File Type="ROUTE-STATUS-PB" Name="UAV_Control_wrapper_route_status.pb"/>
  <File Type="ROUTE-DCP" Name="UAV_Control_wrapper_routed.dcp"/>
  <File Type="ROUTE-ERROR-DCP" Name="UAV_Control_wrapper_routed_error.dcp"/>
  <File Type="ROUTE-BLACKBOX-DCP" Name="UAV_Control_wrapper_routed_bb.dcp"/>
  <File Type="ROUTE-TIMINGSUMMARY" Name="UAV_Control_wrapper_timing_summary_routed.rpt"/>
  <File Type="ROUTE-TIMING-PB" Name="UAV_Control_wrapper_timing_summary_routed.pb"/>
  <File Type="ROUTE-TIMING-RPX" Name="UAV_Control_wrapper_timing_summary_routed.rpx"/>
  <File Type="ROUTE-BUS-SKEW" Name="UAV_Control_wrapper_bus_skew_routed.rpt"/>
  <File Type="ROUTE-BUS-SKEW-PB" Name="UAV_Control_wrapper_bus_skew_routed.pb"/>
  <File Type="ROUTE-BUS-SKEW-RPX" Name="UAV_Control_wrapper_bus_skew_routed.rpx"/>
  <File Type="OPT-DCP" Name="UAV_Control_wrapper_opt.dcp"/>
  <File Type="PLACE-DCP" Name="UAV_Control_wrapper_placed.dcp"/>
  <File Type="PWROPT-DCP" Name="UAV_Control_wrapper_pwropt.dcp"/>
  <File Type="POSTPLACE-PWROPT-DCP" Name="UAV_Control_wrapper_postplace_pwropt.dcp"/>
  <File Type="PHYSOPT-DCP" Name="UAV_Control_wrapper_physopt.dcp"/>
  <File Type="POSTROUTE-PHYSOPT-DCP" Name="UAV_Control_wrapper_postroute_physopt.dcp"/>
  <File Type="POSTROUTE-PHYSOPT-BLACKBOX-DCP" Name="UAV_Control_wrapper_postroute_physopt_bb.dcp"/>
  <File Type="ROUTE-METHODOLOGY-DRC-RPX" Name="UAV_Control_wrapper_methodology_drc_routed.rpx"/>
  <File Type="PDI-FILE" Name="UAV_Control_wrapper.pdi"/>
  <File Type="CFI_FILE" Name="UAV_Control_wrapper.cfi"/>
  <File Type="RNPI_FILE" Name="UAV_Control_wrapper.rnpi"/>
  <File Type="NPI_FILE" Name="UAV_Control_wrapper.npi"/>
  <File Type="RBD_FILE" Name="UAV_Control_wrapper.rbd"/>
  <FileSet Name="sources" Type="DesignSrcs" RelSrcDir="$PSRCDIR/sources_1">
    <Filter Type="Srcs"/>
    <File Path="$PSRCDIR/sources_1/bd/UAV_Control/UAV_Control.bd">
      <FileInfo>
        <Attr Name="ImportPath" Val="U:/CPRE_488/MP-1/MP-1_Vivado_trial1/MP-1_Vivado_trial1.srcs/sources_1/bd/UAV_Control/UAV_Control.bd"/>
        <Attr Name="ImportTime" Val="1614753256"/>
        <Attr Name="UsedIn" Val="synthesis"/>
        <Attr Name="UsedIn" Val="implementation"/>
        <Attr Name="UsedIn" Val="simulation"/>
      </FileInfo>
    </File>
    <File Path="$PSRCDIR/sources_1/bd/UAV_Control/hdl/UAV_Control_wrapper.vhd">
      <FileInfo>
        <Attr Name="ImportPath" Val="U:/CPRE_488/MP-1/MP-1_Vivado_trial1/MP-1_Vivado_trial1.srcs/sources_1/bd/UAV_Control/hdl/UAV_Control_wrapper.vhd"/>
        <Attr Name="ImportTime" Val="1614753257"/>
        <Attr Name="UsedIn" Val="synthesis"/>
        <Attr Name="UsedIn" Val="simulation"/>
      </FileInfo>
    </File>
    <Config>
      <Option Name="DesignMode" Val="RTL"/>
      <Option Name="TopModule" Val="UAV_Control_wrapper"/>
      <Option Name="TopAutoSet" Val="TRUE"/>
    </Config>
  </FileSet>
  <FileSet Name="constrs_in" Type="Constrs" RelSrcDir="$PSRCDIR/constrs_1">
    <Filter Type="Constrs"/>
    <File Path="$PSRCDIR/constrs_1/imports/MP-1_Vivado_trial1/MP-1_trial1.xdc">
      <FileInfo>
        <Attr Name="ImportPath" Val="U:/CPRE_488/MP-1/MP-1_Vivado_trial1/MP-1_trial1.xdc"/>
        <Attr Name="ImportTime" Val="1614751752"/>
        <Attr Name="UsedIn" Val="synthesis"/>
        <Attr Name="UsedIn" Val="implementation"/>
      </FileInfo>
    </File>
    <Config>
      <Option Name="ConstrsType" Val="XDC"/>
    </Config>
  </FileSet>
  <FileSet Name="utils" Type="Utils" RelSrcDir="$PSRCDIR/utils_1">
    <Filter Type="Utils"/>
    <Config>
      <Option Name="TopAutoSet" Val="TRUE"/>
    </Config>
  </FileSet>
  <Strategy Version="1" Minor="2">
    <StratHandle Name="Vivado Implementation Defaults" Flow="Vivado Implementation 2020"/>
    <Step Id="init_design"/>
    <Step Id="opt_design"/>
    <Step Id="power_opt_design"/>
    <Step Id="place_design"/>
    <Step Id="post_place_power_opt_design"/>
    <Step Id="phys_opt_design"/>
    <Step Id="route_design"/>
    <Step Id="post_route_phys_opt_design"/>
    <Step Id="write_bitstream"/>
    <Step Id="write_device_image"/>
  </Strategy>
  <BlockFileSet Type="BlockSrcs" Name="UAV_Control_LED_setter_0_1"/>
  <BlockFileSet Type="BlockSrcs" Name="UAV_Control_processing_system7_0_0"/>
  <BlockFileSet Type="BlockSrcs" Name="UAV_Control_xbar_0"/>
  <BlockFileSet Type="BlockSrcs" Name="UAV_Control_axi_ppm_32R_0_2"/>
</GenRun>
