<?xml version="1.0" encoding="UTF-8"?>
<GenRun Id="synth_1" LaunchPart="xc7z020clg484-1" LaunchTime="1614753324">
  <File Type="PA-TCL" Name="UAV_Control_wrapper.tcl"/>
  <File Type="REPORTS-TCL" Name="UAV_Control_wrapper_reports.tcl"/>
  <File Type="RDS-RDS" Name="UAV_Control_wrapper.vds"/>
  <File Type="RDS-UTIL" Name="UAV_Control_wrapper_utilization_synth.rpt"/>
  <File Type="RDS-UTIL-PB" Name="UAV_Control_wrapper_utilization_synth.pb"/>
  <File Type="RDS-DCP" Name="UAV_Control_wrapper.dcp"/>
  <FileSet Name="sources" Type="DesignSrcs" RelSrcDir="$PSRCDIR/sources_1">
    <Filter Type="Srcs"/>
    <File Path="$PSRCDIR/sources_1/bd/UAV_Control/UAV_Control.bd">
      <FileInfo>
        <Attr Name="ImportPath" Val="U:/CPRE_488/MP-1/MP-1_Vivado_trial1/MP-1_Vivado_trial1.srcs/sources_1/bd/UAV_Control/UAV_Control.bd"/>
        <Attr Name="ImportTime" Val="1614753256"/>
        <Attr Name="UsedIn" Val="synthesis"/>
        <Attr Name="UsedIn" Val="implementation"/>
        <Attr Name="UsedIn" Val="simulation"/>
      </FileInfo>
    </File>
    <File Path="$PSRCDIR/sources_1/bd/UAV_Control/hdl/UAV_Control_wrapper.vhd">
      <FileInfo>
        <Attr Name="ImportPath" Val="U:/CPRE_488/MP-1/MP-1_Vivado_trial1/MP-1_Vivado_trial1.srcs/sources_1/bd/UAV_Control/hdl/UAV_Control_wrapper.vhd"/>
        <Attr Name="ImportTime" Val="1614753257"/>
        <Attr Name="UsedIn" Val="synthesis"/>
        <Attr Name="UsedIn" Val="simulation"/>
      </FileInfo>
    </File>
    <Config>
      <Option Name="DesignMode" Val="RTL"/>
      <Option Name="TopModule" Val="UAV_Control_wrapper"/>
      <Option Name="TopAutoSet" Val="TRUE"/>
    </Config>
  </FileSet>
  <FileSet Name="constrs_in" Type="Constrs" RelSrcDir="$PSRCDIR/constrs_1">
    <Filter Type="Constrs"/>
    <File Path="$PSRCDIR/constrs_1/imports/MP-1_Vivado_trial1/MP-1_trial1.xdc">
      <FileInfo>
        <Attr Name="ImportPath" Val="U:/CPRE_488/MP-1/MP-1_Vivado_trial1/MP-1_trial1.xdc"/>
        <Attr Name="ImportTime" Val="1614751752"/>
        <Attr Name="UsedIn" Val="synthesis"/>
        <Attr Name="UsedIn" Val="implementation"/>
      </FileInfo>
    </File>
    <Config>
      <Option Name="ConstrsType" Val="XDC"/>
    </Config>
  </FileSet>
  <FileSet Name="utils" Type="Utils" RelSrcDir="$PSRCDIR/utils_1">
    <Filter Type="Utils"/>
    <Config>
      <Option Name="TopAutoSet" Val="TRUE"/>
    </Config>
  </FileSet>
  <Strategy Version="1" Minor="2">
    <StratHandle Name="Vivado Synthesis Defaults" Flow="Vivado Synthesis 2020"/>
    <Step Id="synth_design"/>
  </Strategy>
  <BlockFileSet Type="BlockSrcs" Name="UAV_Control_LED_setter_0_1"/>
  <BlockFileSet Type="BlockSrcs" Name="UAV_Control_processing_system7_0_0"/>
  <BlockFileSet Type="BlockSrcs" Name="UAV_Control_xbar_0"/>
  <BlockFileSet Type="BlockSrcs" Name="UAV_Control_axi_ppm_32R_0_2"/>
</GenRun>
