<?xml version="1.0" encoding="UTF-8"?>
<GenRun Id="UAV_Control_LED_setter_0_1_synth_1" LaunchPart="xc7z020clg484-1" LaunchTime="1614491982">
  <File Type="PA-TCL" Name="UAV_Control_LED_setter_0_1.tcl"/>
  <File Type="REPORTS-TCL" Name="UAV_Control_LED_setter_0_1_reports.tcl"/>
  <File Type="RDS-RDS" Name="UAV_Control_LED_setter_0_1.vds"/>
  <File Type="RDS-UTIL" Name="UAV_Control_LED_setter_0_1_utilization_synth.rpt"/>
  <File Type="RDS-UTIL-PB" Name="UAV_Control_LED_setter_0_1_utilization_synth.pb"/>
  <File Type="RDS-DCP" Name="UAV_Control_LED_setter_0_1.dcp"/>
  <FileSet Name="sources" Type="BlockSrcs" RelSrcDir="$PSRCDIR/UAV_Control_LED_setter_0_1">
    <File Path="$PSRCDIR/sources_1/bd/UAV_Control/ip/UAV_Control_LED_setter_0_1/UAV_Control_LED_setter_0_1.xci">
      <FileInfo>
        <Attr Name="ImportPath" Val="U:/CPRE_488/MP-1/MP-1_Vivado_trial1/MP-1_Vivado_trial1.srcs/sources_1/bd/UAV_Control/ip/UAV_Control_LED_setter_0_1/UAV_Control_LED_setter_0_1.xci"/>
        <Attr Name="ImportTime" Val="1614578050"/>
        <Attr Name="UsedIn" Val="synthesis"/>
        <Attr Name="UsedIn" Val="implementation"/>
        <Attr Name="UsedIn" Val="simulation"/>
      </FileInfo>
    </File>
    <Config>
      <Option Name="TopModule" Val="UAV_Control_LED_setter_0_1"/>
      <Option Name="UseBlackboxStub" Val="1"/>
    </Config>
  </FileSet>
  <FileSet Name="constrs_in" Type="BlockSrcs" RelSrcDir="$PSRCDIR/UAV_Control_LED_setter_0_1">
    <File Path="$PSRCDIR/sources_1/bd/UAV_Control/ip/UAV_Control_LED_setter_0_1/UAV_Control_LED_setter_0_1.xci">
      <FileInfo>
        <Attr Name="ImportPath" Val="U:/CPRE_488/MP-1/MP-1_Vivado_trial1/MP-1_Vivado_trial1.srcs/sources_1/bd/UAV_Control/ip/UAV_Control_LED_setter_0_1/UAV_Control_LED_setter_0_1.xci"/>
        <Attr Name="ImportTime" Val="1614578050"/>
        <Attr Name="UsedIn" Val="synthesis"/>
        <Attr Name="UsedIn" Val="implementation"/>
        <Attr Name="UsedIn" Val="simulation"/>
      </FileInfo>
    </File>
    <Config>
      <Option Name="TopModule" Val="UAV_Control_LED_setter_0_1"/>
      <Option Name="UseBlackboxStub" Val="1"/>
    </Config>
  </FileSet>
  <FileSet Name="utils" Type="Utils" RelSrcDir="$PSRCDIR/utils_1">
    <Filter Type="Utils"/>
    <Config>
      <Option Name="TopAutoSet" Val="TRUE"/>
    </Config>
  </FileSet>
  <Strategy Version="1" Minor="2">
    <StratHandle Name="Vivado Synthesis Defaults" Flow="Vivado Synthesis 2020"/>
    <Step Id="synth_design"/>
  </Strategy>
</GenRun>
